{"file_hashes":[{"block_hashes":["0ZNukDzd4qDVZo//Q5vHuRR20hFl4CCpRQdePWNHagM="],"block_size":4096,"path":"README.md"},{"block_hashes":["MO39Uw50IZICqHGmklAh4pLjo9plIIzIH0nRXhwb8R0=","oaLNxJ2NVQlNJSIQ3aEOVl729bm8Zam8azuVo3v6iEo=","a9IHmIPRqS07rTOBhDfj+NPCMC4lLZnjjkDQ3GEtyzI=","O92yHYd5el9eP3F/knGMUlVA7kHGOfYX19CdhjP4U+A=","3RIMRRs400jn4Tgy0RlsB4TCAVEO4Jnt4ckWUOFNoEo="],"block_size":4096,"path":"cook.js"},{"block_hashes":["ORrPIYsJbahpLJK+ggSous/5pAckklSLj7ll73nPJQk="],"block_size":4096,"path":"css/cook.css"},{"block_hashes":["LjNMavQbdyVjaRpr1O/i65mgJgVn4FlZ8rI35bj8MbY=","I7jBCqMPY8+plJkUHaMS4ViqMIIsjbTJfC5Bq0RBgIw=","u472L0KkhQzw97n3DLlpYKjz5LonDVS6fJ43q8FQEMs=","V/f9jziW71OTLhjlMEhyuDb/VYS+rrYtFRl+eARiGxs=","KS562xXfxz1CNI2qbPfBQ2gf8Cu1DyfxrTg2rj1D5WM=","axRMXs0nMZcIeFZoKkmoFAPqyE42HCCw/G+SYfGj6zg=","2JLxh9x/yIZ3/BYCvdwPrN2rnXg349WgAJPnDjN1nOg=","NBPfhsNwCgu9utP5JMQL10IBKufDqQEu3mVFwBIDgLg=","DpSEyhIhhmg/xmmxqjzln1ULqs90Ziz/RPhMujI9HxY=","zX6bCwPehMLAbJV+FH/Hopk/V8me9/JVYQQtb0UzR1M=","UrROmXNDvmNqt/N5PbjdSAwLe/e4XNXXS9KOvuq+8mM=","/47PMUqMcLq3/E0wUU6z30ETDxe9ZpcK58kT4r95Q1A=","DaPIOvGSjy0yo0vyO91Ch/VBzpX4WthewUGF1igNrIw=","gbp0qQ2Hi6106+HaSCydilPs2pZ8YFuWLKT7XpPVrs4=","5Ezx20Xp3YqGo9Ejg9eYg1dMFBeZBXGmGYJXUKkd9HY=","hmPjxHxBzDP/IDfqrjG0JTfElZ/cP4u8fis2B8B4Jpo=","NaA64kwySBaIV3eShQ9AT0WztFJcj4acyabSZa+rTG4=","l9OSrTfCy7tqo7v4Wf5RvulAquIK3JN/m7Bq5XyA0I0=","Gw/RxhhE35pD6z+9Rir3EzZqlBG5E4nFyGrt+0/8DJ0=","l+wcDDnqIB3yPB69wntZNfEUMptEcQ7TYRg6ZHx2ARw=","0tIm6uR0kjEl1xEGCntlCL5Xj4q2fj5YpD2v0jsOTsM="],"block_size":4096,"path":"js/jquery.min.js"},{"block_hashes":["xBgkSWs/tcLrqJfs/2BOrraNnYu8FyGwoUQXyZbNJbI=","7nKcZe+cy3yUA8DMyWNQIbN/Ww0fx6XrI8HoFa2rAss=","SUXngI2oeB6jpRbUCjD3sfndtdjvsTshLfzfnyJGlvc=","evkMPE6Iz5uLukRUS2dctoIqymwR9YTb7Z5r6FT6eYg=","3mUXxCsy45k8jMcHiOoISonxWXaEuuMmOzLY2z/XSag=","ydf8XCHLtXtOOLxADNfkFq42963OWwoQy+MTZaJOG2M=","kaTxyDW/HHhSAnDaevAlEJNZDZQqeKKm2TZkhUGi1p4=","HGstdc0D8Y4/Sb8EBmQKkLROEvhjlQUqR+raLjOaQuc=","vpqf3xvItBO2F+qx9PtrmG7HmEVy3Vkc3Vaxi2Nv91o=","yJ7IaJ2F35qRuIKxwgtudWTAaqOSJQ9g4pq9bUTWJOw=","/xle3T6SRWp5AgXUXVl/CFRU6M6ZbqKC+b8HG4/dYQk=","/l7mAuZkSGI4/cMATIKs/ifLDuLOh3vL6QZCymJVX9s=","myLDv4mgMwb+EPnnSIuTdU7hsZryY6S6eLiDUHTPOIY="],"block_size":4096,"path":"js/lodash.min.js"},{"block_hashes":["8WDr8j8X/6JPNzy9V1nyiAbKENJVSQF09cldmc1b2Q4="],"block_size":4096,"path":"js/options.js"},{"block_hashes":["px8c35XPzw+Kom/0TaALy89qUcVfvMipqEnHTqZdISU="],"block_size":4096,"path":"js/string-format.js"},{"block_hashes":["008zmsq8Wne4AMjPJs/gANc/i0PxcdfdXr271CjaE7g="],"block_size":4096,"path":"options.html"},{"block_hashes":["0IpMnBLqwGDEMChDlM/zPZiKnCvOey/kwPGe+fzLD8U="],"block_size":4096,"path":"season.js"}],"version":2}