{"file_hashes":[{"block_hashes":["KFACMek3q45tkNZ9V9GF7Dqh5DDOFUzpTK7NkZTd84Y=","PJNigJ/0ObMbOa1sK1GwYbgDXaMPeuRoHe6apfwVQgc=","zhaJ2VZ/GhQN2n2BXVK3Pw5Bii/AQ1z58NK5TKrgtJ8="],"block_size":4096,"path":"LICENSE"},{"block_hashes":["ITaqaFtMxSVaCEqgalpeMpst6aZgTAzyKVYR43k1VUA="],"block_size":4096,"path":"background.html"},{"block_hashes":["/WjVxw+4jaWRdNduoebRap5UzF6MTUptfNdnJW020/w="],"block_size":4096,"path":"css/options.css"},{"block_hashes":["ovd38wrzsRDvLvrqv3HJInHvO4vNTce6GBOmN4ZTkgI=","XOFlV4OXsQuRgp2pyndse7pkbzBc2Db6v3gq7Rdei/c="],"block_size":4096,"path":"css/shanbay.css"},{"block_hashes":["PziT8I2dI5FWM/V9TvnCC2Q7FMblhh9K9Y4+copDbXQ="],"block_size":4096,"path":"css/style.css"},{"block_hashes":["YvyZ95jNpkYhMts0LkSQS36SAqZBt/ay5mWfk72kjko="],"block_size":4096,"path":"icon_48.png"},{"block_hashes":["rBBVG9hK+jkpSaHbA2paX3Ua7/Y/cJLrVvpA2eByXqI=","4VzgVrpz6x2SOVxFU9rDUVF4GeK/37FCOwS5j2O6sY0=","tv6lDm4gTxH5FFg8EQY4diTpjXukqpCwzuKgzvwmi5c=","II3cvQQkM4Ycx5Z7PNUoqKm4BoZt5CkT1DnQ0Qwon48=","usbNBagn+abqUrKcBm5kVM22euiTPbjBkOa30k4iFAk=","knvjEZiuj07wKMdiPj4A4OlhwSQ5GMogPoetIa5No3w=","Me3kxXjpsXKaeM4+15aIIWPOZCUFdr5anYM/+zNuy+4=","n6uXvsZhz1xy9a38dMfH3UhaHc9VjsTxkyIy2r7e4V0=","O/ZEGo+/1CMjxoDcxGijB8p9MlEvOckTaBpjLiHZuvI=","sAhqmZNbOcyCFJxvYC/pUaCyKXCC3+I67vRBTY+tDOU=","bQat0U58t0JrENDjEugUuPsR9WH2MheVDcyPDjcSDZQ=","Rx4zpYP2WJa9ZX3Nxib4jYX1Ka/h23ndpPuL5Lw0nU8=","hkNJ9L2dJYSQjVASk8mCGIkpIR8oCXWAdXBHKnLwv9g=","xP4/jx366Ixr4fnk+UbfeRGjsi+8xr2a049NbjwAZ94=","JnybYqGYy+NNhuSDNsj25Y9K+9IPxOEu9RKtKcyqs2c=","9kLXRpBboGA3j3Rqj+f6ZuU8pM3vEHeOXY/aDzsQmaA=","CRCTFTUFxjPS04iDTaocdYxijERFTcDBgyshwujOt0o=","QivJfeMuukeH9++patuDXlt6IVgnfup3dhJV+IdSFjw=","8s2HQXRUozl8oG3syfkunRb5kaavUmRjGzFuC2Oh7P8=","QJTrcMFkqk1lDtOzXQq4hK2Bzzmrzb55tX23ulqjSBw=","3mISrt6VBiu0qKCUnaG+ZQIHSGuv+Q5ObIxCRd2gVSs="],"block_size":4096,"path":"images/bg-pattern.png"},{"block_hashes":["bHAQPUJRrg1k/jstwHSzZeSRChchvLbtbXRqvQkJ6IE=","kiPXU3Aesb/xk3Kv1u8brugQYRU99aF7AmkK3iG5CIE="],"block_size":4096,"path":"js/addBook.js"},{"block_hashes":["b2x05okj2Hmjg1erAwgG7kpLFbQsjNT0PQc1AZ2LbKw=","Sw2DdZOPE8Oi2ssD4mWXcM4c4uKt8RgaLKLnbVz2t8g=","Cj+qBnz4oJvLlS2gppdflqfqYGTaY69VT2LLnd6jKH0="],"block_size":4096,"path":"js/background.js"},{"block_hashes":["jGoegxVv4nk4sxBniT2oJv/PYrFqLqoa268zyHlSZxk=","wiz+B13VgVLLhww9AMnU8kdhCTzVbMc4qyJEcMy3UT4="],"block_size":4096,"path":"js/common.js"},{"block_hashes":["0ULV0V4rQIU596H3ROVVWzoq8KI/poZlWDgeJhHKvQ4="],"block_size":4096,"path":"js/dictionaries/README.md"},{"block_hashes":["Wf8gXSWO/Yp4lqPtDJGMg7L7FKOwAgV68JhdUfFUs0Y="],"block_size":4096,"path":"js/dictionaries/dict.js"},{"block_hashes":["N0Hh7jtsyrZK4ce3jY+gSfgZ9SkovCn05PdG9kiZVx0=","V85gEjnrOCaGOi22R5a6aJBuj9FyoMEpXuC7v3rIXlU="],"block_size":4096,"path":"js/dictionaries/etymology.js"},{"block_hashes":["OTg6EHZMqD8veqFakmnClFodOvQWbkxx9DqGusZcDhk=","avcVfObuokmq8roqnk842nos68dzhMLARjHq9txu3j0=","DK1ijlXxOm9q5UMT62ZWohS46C/UNSUffoM2QA1Z5hU="],"block_size":4096,"path":"js/howler.min.js"},{"block_hashes":["LjNMavQbdyVjaRpr1O/i65mgJgVn4FlZ8rI35bj8MbY=","I7jBCqMPY8+plJkUHaMS4ViqMIIsjbTJfC5Bq0RBgIw=","u472L0KkhQzw97n3DLlpYKjz5LonDVS6fJ43q8FQEMs=","V/f9jziW71OTLhjlMEhyuDb/VYS+rrYtFRl+eARiGxs=","KS562xXfxz1CNI2qbPfBQ2gf8Cu1DyfxrTg2rj1D5WM=","axRMXs0nMZcIeFZoKkmoFAPqyE42HCCw/G+SYfGj6zg=","2JLxh9x/yIZ3/BYCvdwPrN2rnXg349WgAJPnDjN1nOg=","NBPfhsNwCgu9utP5JMQL10IBKufDqQEu3mVFwBIDgLg=","DpSEyhIhhmg/xmmxqjzln1ULqs90Ziz/RPhMujI9HxY=","zX6bCwPehMLAbJV+FH/Hopk/V8me9/JVYQQtb0UzR1M=","UrROmXNDvmNqt/N5PbjdSAwLe/e4XNXXS9KOvuq+8mM=","/47PMUqMcLq3/E0wUU6z30ETDxe9ZpcK58kT4r95Q1A=","DaPIOvGSjy0yo0vyO91Ch/VBzpX4WthewUGF1igNrIw=","gbp0qQ2Hi6106+HaSCydilPs2pZ8YFuWLKT7XpPVrs4=","5Ezx20Xp3YqGo9Ejg9eYg1dMFBeZBXGmGYJXUKkd9HY=","hmPjxHxBzDP/IDfqrjG0JTfElZ/cP4u8fis2B8B4Jpo=","NaA64kwySBaIV3eShQ9AT0WztFJcj4acyabSZa+rTG4=","l9OSrTfCy7tqo7v4Wf5RvulAquIK3JN/m7Bq5XyA0I0=","Gw/RxhhE35pD6z+9Rir3EzZqlBG5E4nFyGrt+0/8DJ0=","l+wcDDnqIB3yPB69wntZNfEUMptEcQ7TYRg6ZHx2ARw=","0tIm6uR0kjEl1xEGCntlCL5Xj4q2fj5YpD2v0jsOTsM="],"block_size":4096,"path":"js/jquery.min.js"},{"block_hashes":["C0nNdLbWz/dZJ+UOoXCedo58T81jDpmW7UNdserVVjE=","P8C7V1iDvEZfxGePbar+/auDdBT3diNeGHvoNYMuZyM="],"block_size":4096,"path":"js/jquery.xml2json.js"},{"block_hashes":["9YRHn2N6sMSEth0QuBXHfP7nAI1rwnGHs6ABFP35/bM=","3F725PWhcAFwPRyUeGCBJLOkp88l595mCXy92fYpYO8=","KrF/pOx/63CiFIQ7h5l0Aanok501S48ABep1KtHA1AA="],"block_size":4096,"path":"js/main.js"},{"block_hashes":["a3hnXUR20JmGYCwc7VohKt8wNM6diFin84pZk425VvQ="],"block_size":4096,"path":"js/options.js"},{"block_hashes":["q7wVtYXnlf/a6lRSU21GVSFZrmkOpUvbh6tCwlBQTBg="],"block_size":4096,"path":"js/popup.js"},{"block_hashes":["icnFnkmR8JKY/knKhHXoLW9FjckkiqHAE5dbtDUVbaQ=","38jNfSG12/NdEDbvupTq3RY6W5L2hEA3AeW4A0Tyisg="],"block_size":4096,"path":"js/shanbay.js"},{"block_hashes":["S4hKfGJ/Ri4Ed4QK9Jwnzis0tSGOkVE/kkqZzTAZBqs="],"block_size":4096,"path":"js/vocabulary.js"},{"block_hashes":["f5A772JV+FDoiqFElJxn+ok3kgnGO+BjqZVG4M+tH0k=","x9Yq0+3YhAOhwRMhghviKvrGjg3f89uoInCBpDG/K7Y=","9QQkJxjNlMtz0qw2MNHjlcVZnYcrsKh2H3hHRn/PWEU="],"block_size":4096,"path":"options.html"},{"block_hashes":["r/ETH+kP8ILWW/Ny4zxsu4RqPoG9lfeESVGyzYsnN1w="],"block_size":4096,"path":"popup.html"},{"block_hashes":["PkJBV6YVtqaRKppRDww+8gReu3eZanAYaHoh0iX+0aQ="],"block_size":4096,"path":"shanbay-crx.iml"}],"version":2}