{"file_hashes":[{"block_hashes":["vPbgJ+j2+5ROqcxiR4jJ5q2ZvNWa9ZVoH7C9delgmco=","wf/9+ciagdnEjYrosuCt7pxGyiYEm+qqsMbi8UurnRs="],"block_size":4096,"path":"css/options.css"},{"block_hashes":["T3CwY9wcTzXDWPpq/VOeigrqJrn75BZ9mMC7NbVP+GI=","cIGOJftFbPwBZlwMinWqu7cclicJtmmi2G4q0fue1+k=","PUJIQhHmeN7LbiLdwY01u6Hmo7wYkco4VX1damwqpRg="],"block_size":4096,"path":"html/options.html"},{"block_hashes":["CETc5L2HPmoj4ruVzTNHlafL7Taj3Wh3pOMa+cOIxOw=","88rs1nUuUgQnJCp55GIVnRDFIINmomZ2vFQG1MSnhxY=","DdpCJGnf/rngv7ieNhlumPnHiBH8YCX+iXWyPO7FFmE=","Qvbx1gPV78IgAoNGJxqEim9miuAm31OEa+2Um712I4M="],"block_size":4096,"path":"js/autoCopy.js"},{"block_hashes":["H9K/A316w5ur2ZQqu0Um34Ge6gvhm414B+jAlT/v6zU="],"block_size":4096,"path":"js/background.js"},{"block_hashes":["Eg9WYJBiE4rPabNJdNiCPdQn7uaLOXtqq+jngNyos+8=","M8SwTOuVb4taOvCQBL47DHbYFhd2pr9XcKZXbIjX4+M=","aqbg80HhC0oba4Wd6KbkZB1vSCtaIfRGf5e2jdc71EI=","d9YOU0W2YwPSyy173UMF78rRZS0OgKdglrKw06kPze0="],"block_size":4096,"path":"js/options.js"}],"version":2}