{"file_hashes":[{"block_hashes":["WRbO3MnWKpuam4Bx5bL94ePpGCgjCyQyicC1CuK+nAQ="],"block_size":4096,"path":"LICENSE"},{"block_hashes":["uMaWaPMz77hwqlCxALt4l5N0vE2MNXzkSGV1xERrFJw="],"block_size":4096,"path":"README.md"},{"block_hashes":["WhKp23utDYrYlygdiMK2ZJlW/AvpKI6nXmpzdlYIIlk="],"block_size":4096,"path":"background.html"},{"block_hashes":["2HVZwwaYCBGCiaaaEN4O12CPWTcL/bV/cTRLxIPJCRQ="],"block_size":4096,"path":"builtin/creator.html"},{"block_hashes":["EpUHFZ5x8+XZJPXvy1WMuZJwP+RjLni+kIDL1MqPEbA="],"block_size":4096,"path":"builtin/credits.html"},{"block_hashes":["//TaedwftSxz+4IRRGY4wQ7VQqhgqx3N2j+fqVC26bA="],"block_size":4096,"path":"builtin/donation.html"},{"block_hashes":["2QD9zOx6I8ZOsTtDeyRwToCoB2ggXGxI9JeLOg+nQxE=","+PLxWhKFLb5LMdIRyH7AOfgApzWZpPhCMMNPzaxxKxI="],"block_size":4096,"path":"builtin/io.html"},{"block_hashes":["mZSqKVq8YZyw52vML/t5gPAwr3GpdK5fF/ZQ9Er19M4="],"block_size":4096,"path":"builtin/loading.html"},{"block_hashes":["hMF/y3lx0kSvX6hcgCcCgp/MAn0JP7Jregbj5Kzy4uU="],"block_size":4096,"path":"builtin/me.html"},{"block_hashes":["LlbGIlYH3xv1M/YhDmYUoR60JCzJKiqwzuN26pYU30k="],"block_size":4096,"path":"builtin/notfound.html"},{"block_hashes":["e6FAZ6zEgsG5C7FOjZ+rF4VIeouiJ74BfaF4mQHVoUw="],"block_size":4096,"path":"builtin/version.html"},{"block_hashes":["iXbhLmKoQuVBxdYHmr0LOeGRr+ABKe4f1kNKDAEvVzU="],"block_size":4096,"path":"builtin/welcome.html"},{"block_hashes":["L+UFErSrl6qml9hV2+aBck6Z/9XbvmIeF2xqJqr2c64=","kyVgM+q65mnnz9RpweAnR9KKCS8fyOVr9D4L3Q6cgUU=","UvHUinp+1haWvRdvEezfrIl/S4PmhbZOzxyLEcx6xfU=","yXLLUMpC/uiNnMfdTYRYLGTAgp5Dd5WBd5FPhLDl3r8=","Vu/zqOSQghydjmT1OgH7Z7NB3V8rDOzvidQwOR0ewWg=","4fqu8rilamXmB0db7FpbAj0bvhTdmonN2qfjhL71FHc=","NTkDfFvaOJJBVguaLW+qi7hc7TUtjJFeax51rgIjHWU=","HZSkg4oPUe27PA2dxyxy+ytQKd8EttIIa6PkkgZQ/1s="],"block_size":4096,"path":"config.codekit"},{"block_hashes":["c9W553e9STgqJlJLHNu1ppIsCYZktPf2GgMqiT4plZE="],"block_size":4096,"path":"icon16.png"},{"block_hashes":["nwkga81wi8SRL6iZsh9mGJ3vZiwQU5f0QYHjqCK5vy8=","mn8EO/yXERZyejfME/Vh+nlqYwyQYqkfBxfKdj5bu+w=","xA6Em0551RMSaJN5ojzzK4WEfrdJDVLbxjTU+BySRuc=","bKrfXuMVRL1wb2AmjxyD5ltLU4vfKsETvlo6PcTM1wg=","xEVSPb3O65Hj9bDSPvW/t+5g065yyEnwPszK+rPuMY8=","QDSyuOEAUKrWb7t667uwY0XPvrGXJZysJrhv38RXFM8=","3uB/043qki8lJPh5gWlxA89Q50clB3Pao3LMHG9jQLo="],"block_size":4096,"path":"img/alipay-qr.png"},{"block_hashes":["x9e2tVWTALPWUMvm0DIL6D64baBMgcDK4pdAHJnxEVk=","VHh1akE9xbwmtrPrzvXmzb3iqtn5DFpwjoNxTAVoHcI="],"block_size":4096,"path":"img/bullet.svg"},{"block_hashes":["5pjKTaB5iPVuQjqiim3TPDPQ2UjUi1k9Vlg1O91Nifw="],"block_size":4096,"path":"img/icon-neue.svg"},{"block_hashes":["xzygrTHLsjklGKg0nPvrLiCchVY9cTAByXSFseFBor8=","vuFpoK2NBYEgO8o92G2JX5Nck1DZ4o+pDRR4SwNdOvE=","ReCT9hs5W0v0nQ15ub8SStH7mDXNBgi6qUrYZDpaOSY=","exvBtCiUqIHPiHcn4yGfpOXs1jXiBVhPr/kITaiywaM=","S+XZ1pRF1qlBJeKcxJNN/zxt4JmvOBgX5+YZVBwVw8g=","anzmj/oKKrrLVZq1U2BeegpWYtnZ5hvaxwxF8o5V3AQ=","NN3fViAhfgtw9nIhhKiiT0y5LTAFxWTg0TFpmAPf7ZI=","F0M+FOGFNY0fJFRtvjkgCl1F9V6yM50HK4rc74fUrt0=","1fzbz/knEd1+dpNr+OeOEj+WDFXMx1lm5DEl+Fe50o4=","D7EYHrz3uJW0qCysPsMHxRE5JxlkW1OZUEmx3AMmS44=","AAkCtBZG8rr3RDfpXGxV4ZXpkwZ5ffd4UGbxWZKjkdU=","iAlyFPZbQkMWc/D1ZfvNIplkA0Z0yzR+pUI9uiqjlfQ=","mcSC8I8kMs5svn4WBcx75S/USwmr/z4UibO/obV/EEs=","mU8uEc6CkNXJte/ks69ZOYufe/nvD3kE0B2r5z0c8uI=","ecfBf82MoQfqDMvAwy981SAggOtcYx4mkcCTD+PSTVU=","XlHD4GgaCh5XQJzCQw3awgJ68G0aZlpSGJYPb8UGIkE=","HSuOZlSmXQMkTBbLcVbtLUWKE+HFRmB/XttbJ8R4IEI=","RNtdxV8ZbCis17Tw6FwVTwn/f+oPou9MVGsCYYEogDw=","0aZFlD3eLWw1TQwgJ/So1I4PU1/ld7kBxQC7gaFa6L4=","sFhbJmuTDkKEl764LGpweuSXaX+aEwKucoVteyXmwC0=","MkQVgZa+OCo2v4dmJXF+RmpQVhpEO0DtQ73O4ZjdYRc=","zg/mvI7Ambc5t3hMBN0muhA6Leg1LvsQsV1G5+lL6+Q=","nr6dbglsQ8MXhfItNZj+aVsIPSWZ/YIVaV5iCPQZdLU="],"block_size":4096,"path":"img/icon.ai"},{"block_hashes":["Q+HaLvdwbiIk92VCCPoaDDiXf327UuqMnCPwjBs3KMY=","4+8eactS4eSRvc5vzKMlwIVnnwYfNK/k1HPDFNKMvAs=","LxD3KK9uxG7NXRXNvG7azMleAMdO6Qa9Z+1y76KRt5c="],"block_size":4096,"path":"img/icon.svg"},{"block_hashes":["ryzd5J/nhHfKg0eIG5Y4X348/k0vCvbAVhcmeIDMlXQ="],"block_size":4096,"path":"img/select.png"},{"block_hashes":["mlmsoysUBUsT4A0fL8EEaD7rUIeMbAR5jCNt+D1GNIM=","oiGkRwJdMfcPDEe869PZ7nlzleUYOB2dYtTd5L2tuCM=","kT5ypmy7unS5SbyWcVmmqtpu2umTRa3JrsMaMskSxU8=","EjuI0vxBJMEhlFVL41BPGpXVcs9FFBLl2AybrgX788Y="],"block_size":4096,"path":"include/app.js"},{"block_hashes":["gZmUJfeF7HkL4PgIA6cvONN2xoZyhwpezaw6w5n3THs="],"block_size":4096,"path":"include/common.js"},{"block_hashes":["k+CnkCGRy2rF79Mu58/vCrZtfb/MLGCdT8Q5bSvxpKw="],"block_size":4096,"path":"include/context_menu.js"},{"block_hashes":["erzvRlmp0qDVjPW+H4ClbSf9SAktJB1TPlCWs6bLeJQ="],"block_size":4096,"path":"include/db.js"},{"block_hashes":["sXtsR5hQjVKj3/7lPHt0ZLn04rw8sH91lbIvFvL1bqw="],"block_size":4096,"path":"include/desktop.js"},{"block_hashes":["SbQYio7n2pYXjMvS+adFUvI7osdo06OS31EkIxdqr3M=","DazktyEvtWnsbeRxakRbcTwFWvMLSNEzzJODXA4B0rk=","NF/GjuagSL+tpH9fPHwMQtiWZbeHkKlRCKxMWoPh0T4=","ZKKIV1ZrH/w5Ywc5OtWZqhUb4X3AGH50r/ZXupmQ33Q=","7id02GNp66cSoGjlKx1EAmg5xp8oouKAv8rlZOx2/CU=","rT/imHIx2S/AbS7YFXRr5aTt9SSqrLYqNeCRj+QiOwY=","o5rokslLgU3UjLx/tmVacwgN1wHboiamJBHvpbo8XO0=","V3bVPBYX37F1GYlu9TWZoyb0eE0PrQIX7iZuVs+vhHo=","u8rzGH43DZ8Wv+z+n5LzQCg8W+laALGcu3vqq4D7iwc=","v8zXLSD71Fn6yddwbE16Ccbr/1dwBAtdNtUbqfULVts=","aTR93f00IfNDvkeOhmWOeeFOdHNshwk7DVifBdT7hS0="],"block_size":4096,"path":"include/font/DroidSans-Bold.ttf"},{"block_hashes":["m6qUpVn/chjf0Tf+p9mxYfxZOlZIYAHsCxFUlRHePKg=","Y96XBdvO0ZpZPT7rCCe0s1zj44j/OTnXuEoAy6kD1FA=","TI2YZ3U9LPN8f+rMjN5dDEOAuyJV+9FyG1RML4BqUn0=","7SwBB6m6ypyldR79oThVcfTHMOFsjttlbvJc49JAZos=","hLfuBtplT30V0SZ//IdHcIbYQhsSz9EXZVZ8y4YGWhg=","m9QqBdRMgAuTp7wkCDYhNr6iCArgJU2eyIR7h6a0a1s=","bwROUz29w/AwRtVSSdEzvoff5W4xdbOXxlmI5LgKWQg=","WqDR4bSX4XjoeQ232mkbHLUlkcV3sHxN5lNluLHtbvc=","RZ66fpNnGopUODVBb812anwsICvLxwq0/2DHb4qhN+I=","am4qy6T6Gy84QOLfCLS2C0Jotq38+7DWt2rxtIGaLJY=","fwiisteKG+yEHNMHHhX+g0jthIn8RmnbIkSAShvIcPQ="],"block_size":4096,"path":"include/font/DroidSans.ttf"},{"block_hashes":["5PXiw777GBy/qRV2JPKcY1W8SGr9n+jStU7khK1D8sY=","DYdpWvjUSi+/OU3OAQ6iToETt/9fzJUjUlLUa2r1zk4=","loLf/LPfrTTXq5fyUxNRw2v6CFKYf/vgrizXrEHEonY=","DWgU3lDvCxpvbHIiwl5cEm+gdUuO5mDXyYxL40jZmbk=","PKjvdcebPCIuyEipWEg5ZYfYukeM/o+TMtn2HJaV+1A=","aDeoTuQVdjj/391q4KprefBUplzilWqQiLwtYqEBXlk=","IIjW4NSfJwflN0SfiYZJriwpcwIgJazkVjjt1RS5VJA=","n2iB6+7tIEzKJlgyA0YVAIr6FsmFxoSz2E57wQzak30=","vbRSkNc/sq/PnXHX2ZjyvTCh09iW30GCV42IFVxvEGM=","qlZvvBT5NWXVQS+ZGkPGP9+bHvDMXfhbDCSJyHaqwVI=","WUf7PxAt7P1atZ8YqOCr59MVaazYSgoPu+nAVMgLNCM=","R8gLpv9xt9v4LBzZ3mNdTRSzUw0NMkrxobFIk93wcS0=","qCAadS3z/b2r9Ftaz/sRL+PAXwULO8Vl07kc1iRZe8A=","S7WMiI9BrbAuNPoySI4Y/pcYoLj2k1IGN4rFShsf3wg=","Kt4WGgT9Amqs8v8xL3pJN0B3Nk2LwzFTY0oqBquJOPw=","/hVcD050stbmGKU4jZktARUp4w3UC39VkqMlvP+nT2c=","6/f6k7poQ9LOistQdSeIvFhk/TbDDx0BKevy0e6JR+0=","CG+d0L0AuwSyAAeW+eW4HVHPzb8LITGDuEFfVpAGmXQ=","8XRlPe8iaRZHFhTAQI92YDYTsfqvNbz9WoQfuXJRmsA=","1ftyUhqbqSLraC9jpE92dg1Wjack+22Nz04C+a5/MRQ=","Ob2r9qy/2mBnTT8nHtYYpCSmDpq12qNL1a0xxtXh3Og=","IUCVRbXOngJaG+zAjmHZCxHpUvwZcBPWMqXjrUUAIhU=","HAnB2WxURXhaB4JkPM0xu3NIEKe4qz7GyjWNPwowsg0=","yHpCNh3+0jju7m96+kZng0SsxxHJEQ3M11F9Yiw3p+A=","tNppmn2ReFDzPTc4mW8q3VR3K+BRCpqnUc3S/KuHWek=","T5yrpboSiykLJA7u5H0zkh5JB9ERGYjoCQ202mfdq9c=","QoCwlzKkjpP5GydO0vKhRqN3nAOnXnfhluVFtxwq9mM=","On4EpVLvzqVXsW50gZy6bZgTcrQjweYUzDxGgtiTD9w=","UOOmMB/Lydwysz7QK7RNaxlIJnebwHIqHEctwUgUj+s=","mTjvJeRV8V1/zTP1q1in1Aoy7u55uXIEdkMi54KIOsE=","0liUaEGZmEx+Ho8LL4wjzFfDjetCd8hfV9LlcvS0G50=","nDrN5lptosMXbXi7gvX8zksL8LgkvCpYDEyjfQa35aU=","Qhh9Nz6wrSqiZica1VIqLq1Vm9W/aA/Re5KvgYx9nPI=","+GifrVBpigfvYDzE9Rs6DHnMw9Yg0CpWraWdycs6Bnc=","VZ8DvNKbqFv1sx+pRf39c8k4M21dt2XMVKelSMIgVFc=","a6axHsiDjZw7kK/D/aT5uynNWzaOKQfFjwGEy54Asec=","f5YC/kCsDNgQoOzXq8HdJqJMkDfnmCfhLm8tpOCLnv4=","+LrlxK2yviT7n+TDT6jtbvI6SufufWQCwVw6B6rHi4o=","1z1PBocsYJU3OIH5GeEa9qnGnPPYu3Dx2045fUVwfzU=","y0JkdmPJiz8ivr0WG4cQpAWyqMYg2GRte6aBOxOZ3bU=","5Fw14uwHI5diDBpKIp0LO5tYgQnnCEl1c3F6f+Pmdj8=","X5+gqQcm1wPDLNCmlFz1GotEWo1hTgZ3NZNo9weC7Jc=","9XXwr4GR8lRJySq2PnXjmozKMBprsapAmpnJSxq85fM=","X93RtiO88Lz18Tbs09HLsGRPPd4uCLmDe0ENsK87Lhw=","O/K5m+x5JH+oWcPnvimTu5+sZ3GxWXBEHIx0rGajdkI=","vS2cZQlCy+yvsqMQoj6UwRzFgAKCZKDv8JmGUHiadU4=","TOziCDQ+YvFO+wuGWGmEEZt2IMEu/rsC+A+pT6yD8NI=","eSpwMVV+BsTLACT4nE7fIglOm1VxLzAxdPfQY7jSWnE=","tsOAU4pTFpKAC8KtHbAmUupUiXHJai/x1mgzNHgCd7w=","D/9+CFq92V5zgwhBMLPKa4p5JlMmQvLZalimKN6zr3I=","fmSLPPWS8+jp7jr7w3bXjBr0yJctkwfENuYBXv5P23A=","22KruDL4HagPCMgBXKucK+UDlEcyxi3xFCsaBhGxigg=","dsh4RaPclIEt3UQE9YDb3gV2wHqtj1uPS8NSpc40gwg=","Elf21qqGwu232puhuiqrGva6K8ax0s9pZbdceUPMvjg=","6IdAOFfViiKjJQm1/C2kWMbkv8jjLRDbowA6bWtVV4Y=","RrdwledKOkhLqOVwReFRk4MBieB/Wi5ZP11vz0gmOLI="],"block_size":4096,"path":"include/jquery-ui.min.js"},{"block_hashes":["2IiIxkqLOU1TVbSA+1vvU42kCiArv5dRTZGwS6KnU58=","ZM/NyjfSUxirpMtLSm84pC7Id9R/XdNm6Su7rzAPmT4=","j2SdWSGeE8SUcASt6+Q4BqxcEA4lSW3wtouSqlKhfk4=","X6oeZ1osyV8mOXwSSz+rNCVsP9OOVFYFFCgCMP7HJJ8=","Tms4BKnKNUClWloEaW4k73e5lCpZY/Y/EucoZ8Dfb6c=","x8p016hHu8yTZKLMBQBj+KZsKeA7J4Eu0+7u+Q/PFtU=","ivjyHn8BvP4yqZGqtbsV0O1bNdb7q4DV38OU9kQZWZY=","BBV7eAbDeYH1s3Eldg4wCIGclZ3QVAIPFjJTvKWtkqo=","QZtXclEbJwnYwlM+jtTgzEpVHeJLX07litD/wlNYExk=","P254bnI8Ti2HTDjGLKGVgrasReba0bMuYAbNA6ipvuY=","TnQP2XpqAIO5qX0tPca2Zo15KyFdvJ5OE+yg4t4aexw=","wk174nhKF+fF+aNZl7qJsQNW9+fxYSWSxL3ryzRPUAM=","UTOInr0IL4khWUiB46DJZ5YXA6CQhW+4znAy6cXLcO4=","M93Hkd5YMxJHngYvWfzcBHly+gn1KGPbk4oSK9c3LvA=","IjDDozRhgG5GPB/uiCRvvHOeqnc/HXfNXzyeu7jx75Y=","4VLXfv7tHaQpAO//iwfzij5l5qIIPGhNmCCiB+7BeY8=","aX9VacpixCZzlfXYbR6EqI+1x2BKyT8nmtU/eqGGfJQ=","LRgbcy13j39rs9a9QT1Ls3UORyye0eXtYxZbHYMgwQc=","HaOe4FaUUyThCaqicxRxoKqrgEWseEHMmzp568lnN1U=","otbTGjWYRZhNbE5VRBU2KaOJn4GhLoQXkfGe4P0Pggo=","YeICDvci/+qMcEFtUz4XD8swpTeWbWFoehgF93Mc3fU=","5SeA2KcBZ+Kj3ziqVKMTyw27n6fnnXFDeSdnx+0jQqs=","Zsa6r6fDl7n8zdxlNkY6QJdhr8oR2zKxOTKt5V2OshU="],"block_size":4096,"path":"include/jquery.min.js"},{"block_hashes":["AjK6nw1AOuTleKTKihk0MrQtHm8c9YldiA2M70YwjIE="],"block_size":4096,"path":"include/jsnow.js"},{"block_hashes":["qsLQb06Xf3juAB72sFOOUbgOvk3N/c30MNh9JnE0AaE=","hEcDEXF2Q0agf2BkGupCW2vZmxkgtg7oRJA93yhXS5E=","EtpR+MFicQQ4opDpvvUv1dhXZnKUj5JAkn2F4jnS1F0="],"block_size":4096,"path":"include/lookup.js"},{"block_hashes":["NyJ+iY7D5rAiH23dUaG0rZlRTM2M4T9fH96O7+s9+Mw="],"block_size":4096,"path":"include/meaning.js"},{"block_hashes":["3nuYyVPlAeNsLQ7izGj682kw4SQ+WWT8OMKS5oYTGMc=","YlaGkc+AIkbP/RrxvenyKoBPU77Y0hC+Ei6Y9G3eFOo=","Y6prFwWETgxaYVnlxH8tGbDp3pV2xz8IOtF7URsVLy4="],"block_size":4096,"path":"include/mustache.min.js"},{"block_hashes":["xoACgGFroYeUTgs+/6+ENliS8N9cNH22w9nhfIWGQx0="],"block_size":4096,"path":"include/omnibox.js"},{"block_hashes":["ESQ7ylAurT7KerX4qyOt/DRIKHnZkPvI4hQ5qBhhvwE="],"block_size":4096,"path":"include/proxy.js"},{"block_hashes":["0RwqTTBkRBeDr2YcdJ+j//ZosvRbo5mehfz2bLJUMXo="],"block_size":4096,"path":"include/xmas.js"},{"block_hashes":["HNe0BSsjuXtPLJZqyaGbSrNnv3nEgh0HmaexsMviDhs="],"block_size":4096,"path":"main.html"},{"block_hashes":["6VuI9ynSd+Bj+Q+s1CLpckF809xPltHwqDD0uHkNv1Q="],"block_size":4096,"path":"style/button.less"},{"block_hashes":["iUgXpnWQgIGLjkHom8nQmrtxBttZ49SgQ1LjYGL4A0U="],"block_size":4096,"path":"style/desktop.css"},{"block_hashes":["i7vaG/lhGHTyJVmfSnMv+6ZYSqBoKgCP3lrT6Iw1bok="],"block_size":4096,"path":"style/lookup.css"},{"block_hashes":["dxoBZEYuO5ePGjbbLKKhNbxaCRJWoJ/BystImW+7+8U=","/dHYKHOVEwhB7W+qdEbI7kZUTgRzzVFTdUdVLo4Ojfs=","PZ9hX6cjRSc+LPNlOd/kAw2v5Gj6pXne+gnJIa5/Ibo="],"block_size":4096,"path":"style/main.less"},{"block_hashes":["0mBhn3X7VqGgKv72RJg4PiR+NSauBZ5J81qgaKSPn1g="],"block_size":4096,"path":"style/reset.less"},{"block_hashes":["no55hdDCBA0dPKHaXBvDSljQLnbbvjKMLQ5Ay6pO1/E="],"block_size":4096,"path":"style/select.less"},{"block_hashes":["ZqmzQbHwQOuJpf6k4j/2t5KwyQCohhEjwi325tz8haU=","idtGMQVvyTmCqtuafKL/TilVhhfPTSHLJEmceulZoYI=","4dXEGQN3i7DPFIMxEXYC6Sp8ys3prXw5yiL6XVHwA1g=","wvmV84FVycTscTCC7IXkYNWEDqjBVBkMEy/1BlCHiSs="],"block_size":4096,"path":"style/style.css"},{"block_hashes":["iEDSZBhD5KGrHX+/Tm2Ldf/kk66SsBd7vuE2NTQaT8k="],"block_size":4096,"path":"style/style.less"},{"block_hashes":["+H0RDYg4CCfpNqGBXR2rucE4shyGMxKavF0Nizd6ouQ="],"block_size":4096,"path":"style/variables.less"},{"block_hashes":["kX2U3NvtaWizxx8E7pzyhyyib2bBg8DWA19FXANxxEs="],"block_size":4096,"path":"style/webfont.less"}],"version":2}