{"file_hashes":[{"block_hashes":["OSllzm2QeTpcZcd3AkrZwlog+Rk0b7fh+2Ur4GPrJ84="],"block_size":4096,"path":"ad.html"},{"block_hashes":["nwHm2AuVqx3yiSDGcPtIk8WSNOXz/jGH11q8dqetO0w="],"block_size":4096,"path":"background.html"},{"block_hashes":["ezyp1EgoHGbQSdNq5fRge75YhRVathcaAkeWDur5QCE="],"block_size":4096,"path":"background.js"},{"block_hashes":["RocBW/76y/8dF+APfylGRXopTn3UtGdBPuGLxvlZLVE=","0GXG4XKvu3mX2RnvMn4q7sbU19DbxiDCnQz/l1iIo8s=","TqFr5Ko4zCpke5Dakk528F5qckqkau+yqylyest84nk=","uD1rGeK6P9VxKzmWrnO5MWeVsxsvu/a+Bm1qC6u//Vc=","F8o+++a6nYH9yDdz/72yI/1SREnXQpRmFF3ZiiXIRtY=","R0jN0zVunXGMgbNro+AAYsNMeihRbj+/1lSKK0Ioiso=","dVNEUvQvCS/xY2vETOWHJN3ESDhdYTKsEqQAsdNlv1U=","7KJfadgCCveBf34isj3Ecz4DHNJuiQw59pev9iSM9zs=","V4qGwN458DxfcC1zALr4A+On/z/ssI1t4OP2U8FwCHo=","FMhMu3qN/IbH869WfaXz47YKxX25cJ+qH+rNFOvya8Q=","GHS94MDAoJE7lUyAwOzIwTUVDWgn+WaM08XcFuYHCuI=","zTFWSC/Diy+Zutn9fJMFFgGm5ZeJRJ/s2/2UUglDB84=","n9ykDrKTND4PZ555s+9u6DeYTqh9i543d7MWSuWmJgQ=","Cj6vTiiYapJfDvxq/6BVSlDpMvuRW9k7FXEy8OtIOps=","gsiB5t3ZJ9E08zOzb/uI4rAHaKHbuGRp7jrNQZ/Jwog=","wWVF+b9ZK1R8G43tw5ktfY8eXIgcm1EbAH952BGIlrc=","JLXaHru8fkuI070ihic1nG7aKz3pwdDo/GSkdbUKIZM=","BdWlwYPfF+OdfiRlNjax04bj0Va3dPTuNnFc6VujCUw=","8prg+IWuhiuzy2m2c7bCSzw5xdmOmi0XUIz55zBpRc0=","1cK3H0D8cnW5GymwzHgd1GwOeZk8xi2kxlG099xOc4E=","PxvSNwPFCBWQgwwsp9zWmW8qmFzst03ResBTZOSg1vY=","eqQ09Gc6ZN6xBjIh247HwSCcthpMMNv5wQB0W2oidgI=","jF9MgItKoAP8AZRn6rYuJ9FaFySqmVxXhU2xnY9wSQk=","ZpxoBu67HczE/iNe4XQRkv/dLGKXDV4l5myREhXPE+o=","434waFy8X3mqxcTn7edJQipundsRoGXDHMLYMRK1I+o=","X7eYAJmlOs5JOXxjabFH938EtPW/58vOcAOrGXg3Nqw="],"block_size":4096,"path":"bootstrap.min.css"},{"block_hashes":["G3pq+1jOnRqw3UHlZtY328mGRzmQAsGYr1lDxvNip5Q="],"block_size":4096,"path":"default.json"},{"block_hashes":["T2MAr6hzJxN9hotpu16HXduQyyddwAybbMthy9ksRaE="],"block_size":4096,"path":"icon.png"},{"block_hashes":["R0A6KOiwAaPFh77rkVyY847fiDOt8xlTEPG4J0KM6Yo="],"block_size":4096,"path":"ject.css"},{"block_hashes":["4yhGnZBa+Z/oaHKcAECW3d5NsdqAEcyVhDoTiyNHens=","BehjbVAXbkkqbLsTB/7QkY6e8lpR3LuzOiFalx7wLIs="],"block_size":4096,"path":"ject.js"},{"block_hashes":["zpI5jBp7SXnX2RUUI72bI6ZMZTLTKkyPvM573Ws8t4Y=","FSirrxkqe7u/EBrfEYASq6106lt0B7jIpz1fYr2VruM=","fjtitOBku8OdEbRtVXtyxiGFPuF7utT/H5jbJY6DxBs=","zL2RMeyN9w3EMY+YHfm3B1dcEzgtJ65CmSqOtmDxxFc=","0jmHzoJHZ0+kGU1hkgd/AvQIe6eZwimKLIbmGqj5PGI=","fwHHTLIuLxp3Eq9HiM6q+bUX2mlMJoG2Argq24PF60c=","bUXnt3E8HmZpT5yVkm+fZ8ApDD4nmwbStYkXi21P3C4=","zxjRGBB6nK+PciHd+YhGIO+jJHgWc4UZoXkYzP5toGE=","xj47l1L7+vDPKmZUC+5vBU2MFIcKVs3xxgu/1BdDLMY=","kVXYrAo6Ljh4BVGuc+lCg2RAc77MucrQiwM1cF/fjNY=","xYKV22vO9MucHDWU9D+uIONluAbm3arXyiW8m1HYXyk=","3oP3mV9Yt3KJ9vBaO8XyLJtK9fb689AZ4LwPquJsB+g=","Mz4eG2QfI2xGEWvlgzC/QYF5rCSfG6K/l1pM4zqaqTQ=","TAa4Keoh6VxW7BNim1hJZ2Si8+hnoKYG0sKFf+9dY3A=","Ldtj7zOndevWzH6hCHvcO3RIwYXFoQn+cJIuODi+xBU=","HHGnSF9WvZAHetCBixmAo1dWlLwDeGwPITfioUIc24g=","4js+y+Eh9ercfPrT2cW/QgXXnp2aqqOLMPtNqW31XsE=","r548SeumzsgkwLx9uV1jE18/TG+/bYjHF1CBGEsuAKA=","rtZv5nUAAJdOxHV05pP/jE6TBNwV2mh/ONfPEWEFsfc=","tSApOCoH2iCzdl8gyo60hwAy0AWKDkOdIYMyuS06Z8c=","/8ybn3egg8zn/NdleNIxuFOaUHy9ByVtJYR5ep2FHEw=","Ume+XjbTmH1ODd8XgLU1Gok2fSYaGLuI7ObfteJyqo8=","cpUZoTfgMmJi+h4TUx7zN8gzC9j0jQ3Mr68euSSJWvk=","Cj3pu3Q7Cp+GGGRMSNNK6DZDyO377qcdUyThb1qHnrY=","qiN1WpLOfGC4+rsjPX1F76NF7Qd76tuvvJiCX+irSJs=","H3b9FXTdwu2zMwDtDb3qfE/9bpg+4LWxC6Kce1TlA7Y=","SXJ3VYV/kc1DtIfSPNreskg+oV+gZDefsAPWalFliw4=","cLMjxLvLdbP2ysy2/KHBHZxkHaGw1uW2AvgEdjaargk=","eX5hGlkOsPvtIFmPYwGrOhtEMnQI8yy0UQKGKEVHvqw=","8dQfSzngID0kwJHWcBt5w3d3RSsS54mge+GoZ9xSKX0=","9TjOBfAgy2PDfxWpsm4eLf//47Ln6l3usxCQKlLOlXE=","Oxf6aQgBDhX7PbcZzjKrk3uxY5z/WQdKkQtSEJXQInk=","Bw5G24S7SrR5cLPvGNtnNSkFrRciPx6eRWujTkX9Geo=","AM2NgBdU4kvOiisxmtW6+gPz0kOP609mliRO+AeJYR4=","I1hvLJ9oYVA9lM9Pku0f4kfjcMtcnxjGLF1IDLtOGFo=","xAk4LdusdGbVndb6Y3HdLgOh3NlhOOPbQ02aexxisns="],"block_size":4096,"path":"jquery.js"},{"block_hashes":["AMMEIlDqsR83qDFvWnWpuAWOynIQfrvQlcNkhou+axg=","M+IxpLTwQczP/ZeV8MNVsv8nj8vjaMcyQnx445dUa84=","UYSB0mhz8j9CSXS/TlyhXqmFZm9OYuIMFYbrKzauA6A=","7utriZhaUc5i9KOOKP2W5VTVWsbAWZvU+5SCRH+iwIc=","UkyP1xn0o7yvfIaUO/1nrd/zSx5l8jKu0Ank0RpU0TY=","deje902rBhSF+7zS0aaSKSWzIbf2GnbpdlQOTslUfyk=","A+GP9NIjd9UkvDq2UhQbrp4R3aVOWQ7Q/6Zj2z+Qc3Q=","EEYXchoP9B/wJxnmxwD91z0u+Ek0mLzDD/e0dDVMg2E="],"block_size":4096,"path":"list.js"},{"block_hashes":["kcBVENzCWU9v7TRPndryRSvqK8EkFWGqfv4e7KD59tU="],"block_size":4096,"path":"messageTip.js"},{"block_hashes":["E+4oIRNsGTD3rLU//QTYfqJkm4DejAW4fKEAa2MKgRQ="],"block_size":4096,"path":"newfile"},{"block_hashes":["hn+Z9NSMsZplSrSFS+ufeP20Tqwc7MF5ELnyY7L5Jcw="],"block_size":4096,"path":"popup.html"},{"block_hashes":["b5ZWVNz5ALcvq9kZmM55Tflig6nLarZTLbWsMaBXozQ=","Mc1/cnSahE5Tbbp0fYFYAVWO4Sf0TuXuDRA0AGLZSDw="],"block_size":4096,"path":"popup.js"},{"block_hashes":["SWajYuMw5kB+qfybWEX+SbSHLlDCkD6vJ4/1MFPcLL0="],"block_size":4096,"path":"talk.html"},{"block_hashes":["/nYFP/aZiMqk2/jDMPKWMMkIpsSkq5RSmg+YjUr/2OY=","4Q7LZrPdiqLEtoz/DVtaiL0rMhIJe3IMMoML1HsqNi8=","9aZ5B7ixeg992mPDv0Ux3p92boOenfGoMyWhpWns+zM=","D81+DBX7kBNc9XuMXtR9l/mNMMB1HX15vo6SRJKmstM=","RsrNXxsosXjEboUbdjNwYEi4QKTQAfqCFJhmItr+Jog=","sh3ncuMvVkuvjp0MWqbFH466pJZCQ3QCDY5e+N7cxIY=","oMMPpwseMWuQjbNnDho9tPTBtcrF+NhJRZek4B85FgQ=","9iz+w4ctc/NwpRUHbBAv7Y6FKvz8r98aARcPAs2+C8w=","auNvqtvs9x42wQ5LWuFprmO4o0eKKf+JIlPRwFgmOrk=","ZDNG6su4Ly33nL1xaZwZh43A6gPbQ4gHyaTj55IM69w=","MjuWhjMIT2Dvcscql/mD5AK9db1aNUDKMrSlk5kMrNc=","XHZ57F+AkUVin/Km9fmEJSb8JSpBnAOrmUvP5UB9elU=","WBpa8LEVnE71AfbX71zMCmjcF+9A53p2FViVRtv4Lbc="],"block_size":4096,"path":"未标题-4-2.png"},{"block_hashes":["4+vk7Y93p8M91aBvm958sJW05y9BFZkADc9EdXYJz3U=","SK3lcH2dmEIN7vS5yF+jtW9twr8eqCpGVC0OhZWiYa8=","ewXxSjEDWh5kGwWSSE3RZXMM4erdXkjWzl1GjbbCP3M=","wKwgxwMuEOlIH1wuD2FREeSs0dWVxo6eUuQF2emoo3E=","P0uBjIJu/J6/u34fn6ILb8V2eMwPLs8cw0jYcRrj7Xg=","H5saq0dkhE93XWthzf9OdDgTb1IiHncHxlaLCIsrEYI=","3EUVR5QkEkz68lMsNlYVRRwtyRjKoz7FG8rGt8b1HXQ=","ISkYoNgVL6mNCfOGGBel6IzEXxQfGRq31V5YXtKRRfk=","WG1Tt7QLU8dL0hqgZ3wupBx9CTRbw/hfJENjx1h/2U8=","3Mc7cazMQq0M05soAQ2vXOAedCwAUnPuEHKIR6Iwj+w=","wcX9Kh6tns8Npw0pWJX8a9m+rS9w5nVA69js4+fVWyQ=","1PiMybAPaTQopZB9VkiOIeuJOURg2cG78liVVXfR4rg=","aq4EnaSkt1A6L5i3FhMWkoGyhtLCCiOIaUBEKCk17sM=","FHtd/Jg1zRtYwQo63tQeKtaOnDufMqzghIPdIywCH68=","olo9qE/N4YjJ7ZhNJqRKW6GKyXUQyQ4vBNZ3pY/MWgU="],"block_size":4096,"path":"未标题-4-3.png"},{"block_hashes":["RWn7fOIOvYTva5GhyJOiPl5fvLxtNcI8hwLCGtTbhNY=","KJjNl7AJ6mUVM9wRoy6jc0lq9BGTrH1x7bCZkJlVVyQ=","9aZ5B7ixeg992mPDv0Ux3p92boOenfGoMyWhpWns+zM=","D81+DBX7kBNc9XuMXtR9l/mNMMB1HX15vo6SRJKmstM=","eOI56/ErQYWDpU7Z5vsuMv7Q1iZz1g7dGIq+Zj3cylk=","n9uJ+2R4/ahT/qcrS0pCALgHJCPJHrw5LYF1XKa7EJ8=","Li+GSdJFrL+VVPa9w/7KmqDbcvi3qDe0g2kaHiXOruo=","y94cXLoMFQF//+6RNQFxQYidVxuUc9UpSvWaa7XGKH8="],"block_size":4096,"path":"未标题-4.png"}],"version":2}