{"file_hashes":[{"block_hashes":["XXlJneQPT4rawlg2ipk2pGqe2gZRQ7z29XQxVAgooUc="],"block_size":4096,"path":"_locales/no/messages.json"},{"block_hashes":["Hs4luljCBsauWXsbSVQOQShT6xZ5/LU4/wTK/v2UVoo=","q7hfPSD1pyzhaLnSvf2oMfABtu1lmRukSBrUsIgV/hg=","5QpXQ/OVMNOvqclkpKYRwCZU4soLdttT8q5wwZkL6Fs=","pig9H6LF7pa+xIEMipOHiOE+6tTSKSTl9G4K8+aKHO0=","Fx19VUGsGM4BdnjnQZlZGDTLu4mhqVb+HFoLvWKNrZI=","XtjiUJ+sP0MtskK2eTXPEVVamA8Y6jeNVaWzqwN0xs4=","JMO/nZr7cbx8b8neer8oUNPXzOSYJS0me4m3oPU0XAQ=","s9DlsGbMolr4cyz368giJbBvz6nwmGyOzwJup5Ta6D4=","bROz5nOzM6o4e4frWTrdjBqLdKSq4zKf/6rPtULIvc8=","UoquGsufhTZ1u/NGfYXXDVC0t33k7qWMA8UkaaVSVwA=","Gawm0+PMztNZvf9Hxt//SHmr1q2qjohlBNowCN9aRoM=","U2y3YIBBnY+eA5bPKnf0uDSP0kFLPg6Hdy2mMshMcL8=","X1vZgEFVEgZNojEX7rOsXpZ4jFYQFc2CCcGia4ONu4Q=","bSDVuCKZpTe9oXdFjhxlPbyKMGIr/wRnVuy7mHpztQQ=","BMc9lFBOODHeSy0VtVp4zRy8gyzXzEC4uy5HEDNfCOg=","kaSp/D4DF1mJHJ6XKW9wrBB67FqKp3TUkXJlS/ibn5w=","vxV4qRqronjq9RHX+YYn8YdvehobHl8QbvrbA/xnv/g=","A4Q4GQJOgf6nKztP7QPPt3rPk+pAS0iJVpsWtME72AQ=","gbpl3pMYHbiR0z49VZ9+PE3R3/btVAFNd2D7FzwPxHg=","77L5yE/qV4ZFaomNjkvH9+e8DYsuf8qb6yeNiuZ3ooQ=","00JVAEwxr4xoa68rYoArEV48GXN4TYx12sgqlXQr40w=","y9ToI7jSH87z8v9hkEbzPsUmYupxemAv0GZWIKboXdo=","mfwtr/1SG2WTyshutT8s1pw8EVg3oYl2ZUqvW20k9IU=","ebJCqRCoa5JbDCQta/TDmzE+57i6jVwOcTD/r2q08Hk=","RCVcokH77EUhiIIZia4WjJJmIiebGMG4stALx/LqQLI="],"block_size":4096,"path":"bubble_compiled.js"},{"block_hashes":["fGnsyI+Qdc7Bve3XhnmNmY4Pm8B1rV5Mk6vp1nYbPQg=","YOQ1taFyvNHWn16Qc3aJQYkp4nOjEd7mex6sKwdyqKU="],"block_size":4096,"path":"bubble_gss.css"},{"block_hashes":["eHY54+gWylVJAEfGKjIODnwM385EQHuu4dCt/1fNFSI="],"block_size":4096,"path":"icons/audio.png"},{"block_hashes":["YIN503oWSkBrd+gwZqSc5sK2Dt5NTPkyOcVzWOdhYuI="],"block_size":4096,"path":"icons/new_translation.png"},{"block_hashes":["kNUH5n+WnYU9XGpxmICKrB+8vapzHzhgidfphWvJhZc="],"block_size":4096,"path":"injection.js"},{"block_hashes":["4XTP4nZ/FImXVtVU4HQPSkv9ik3BdWkSfeEh4NTP9tw=","VEk+/d5OGtcEe0MG7GmBaVLmeRjcu6vs+NIjt35M8Ao=","kbBS84CjhTG6e9/TB/Xfqf7zuJ4ZYIjy1ykxsokd3Xg=","KUZ3w48p8sDL5I8O3oc3RIw4uAbjdiXXEriaie6JJb4=","cNHI2bJQ52MWKEuhCjwqXBBrthE9rRTKsj5rGMw5sSY=","uLZb0Nay46tYQY4U4KteKnoJOs2CQFNH2XHD1qVvlhA="],"block_size":4096,"path":"main_compiled.js"},{"block_hashes":["8T6VWtFe4oNgZ7Kw9ipNI4xbSkMMOx5fRnHfUlrtKVc="],"block_size":4096,"path":"options.html"},{"block_hashes":["jwobPA8DUhfSMlNwobEI/KaC1iFJ71wGIpM5pyeglHY=","w9soMKGDv6h6gAYmYmycvXHyFg2BNXv75nkCj1//DNM=","2GJtYC2+7uVYAWN38c05e6fXdwzBb6A4/RSI21DQjRE=","h/D4rfHlk9T9OI+B5LSkeC0Q6FnfVH4A6OI2EMSYWzc=","xSleI0Uhx3RLRIB4i/SMKnacym5W1DiUxi4Y35s0RRA=","Qq4jSIRtP3U9Zb3orTemcSfpDvAJ5YA9LIeJAJeYx4o=","fTtSJsNtsjluDwXDLLl7FwEma0Cn2RyEfjJiHOwKsbo=","8nDB+OHU1uPV86id6DbvN2WQ1sq0El4WGVYTUVrKH1A=","YEa9sWzbIH4YTX3oq6EkdRLSal+FntUcIbjefDxChyo=","6SWT0t6Iq8PF2b42WCLe/B8DcjwykX/MBsVZZmCqAho=","rP6STuol13jZ9FXvKe9JVN/ETEqshbbdpPN23OTKXoo=","2KREmT1ECJnnnt11cqGOUwKzg1VgvsMmvv1TK3J3rk8=","BOMiQ04zKspP1tJPKPxI7w1VE/05zdYRrfU2bDHveKI=","ur7iPFU3vWJo9YLUjkRTsuZrwJNIAd6txv6iIhNty+Y=","scIC/Umbxq4NsJi0LsuDo9YEsYXoMsi+QDrExG42LWI=","Sfi2xX8+izCdCOmnO8Ys5pUgb7gteYIccUOWYyRuiUU=","H2gfsv5BGixm/GrAVYnNt5xav7+cotKAl9220oTEhtc=","Cr+Azl4e+f5f3s5vsWdEzu+BoMDtegoz07KBlMCvroM="],"block_size":4096,"path":"options_compiled.js"},{"block_hashes":["TqhFECsgXoMeE+c65qRqtpujJjAuhHXs4FzANTRPLVY=","MIG+O39PJl7s+tMzHRpIawnyprL4DDK2DXdBcLxkddQ=","I9C/umcbRoXXD/68R6eGkibCtt958AhsEuPYJufUXPo=","cd2uBwgbtrF4cwWSA9oRTl++JXtpSKCdqgJSuq7YhFI=","1sogMyMcIhEq6in2lBnCSTU0CCzs4ZXp4/wSM+5QEcQ=","XsaQU37DpI6k3eZkWSOQ1fOtiJTw65I72kRXflxnV1g=","9tBxdg4R9Gpcj/e4StySmjB6G5O/9wCGbJRCmxTxiIg="],"block_size":4096,"path":"options_css_compiled.css"},{"block_hashes":["0vgfrbPL2b8hszdao2keYGkXZdHZUONcYtVJiULyUao="],"block_size":4096,"path":"popup.html"},{"block_hashes":["KzZ4Hg28Dk0hSP6kaK2AHLb5NqkaZHnvh52oMXVrmlw=","DudGoDMOag6UP2DWMmhY+cqskSa/NgTg08VlCnTBtcQ=","MslU6LUDvfrJJjSmkc9MBkhkWi8NFLypVBMDWlLBXHE=","dwFYjZ79Jq1GGiARAvsjRXkf/9oUaffpDOCgNrykOgc=","NI2f1IL4EDcKuiEOAQ2x0Q0x2sMMjSKP/FHGJs5fhvU=","KYhAYa1/fOljUP65Noga7GvUGhjGOhTowsNTYDz4p2M=","rEv+u134gJO4DlifNpDC0THD6dCOS/BdLbWCbKzHlGI=","PCOOxGf4YKh/Q79P9a3pSMstXj5TEdVzE+DTAkqWOHY=","OrW2MMPZkEccTrYGtNv530e5ycczcD6xTqaH1mq5uJY=","LBaWeIujnBsiptSNz7hOX36gbY62sB7sVo+L+oshilE=","eUF6LmaAZ4rcqPN8DMFARKB2/7l6VMV2zst4pEvnFwM=","Jj8OmgloTbxPxZMYw802H1lra1ZjDosTsuCzc/W56ao=","u5lFzOB/cyiageFYhQgUhiJBvMk8bnSXz8bdu8TP9QA=","f+NIJl1IxxiQmxc0e3YxK5ERLvdJC2vcXdfIVRP71t0=","78chjPvKeVXfRudTO2zJK5QvPjE4W3TMY9iuEnY2vuI=","l2/qncCSogyXt0Nyh+nI7Agn9H0js7d8oLoEboLaNHk=","TD5ux9UHiQ1/STzc/tdNDz36AIxr77xHiGLBRYzIew4=","hEdm6fm8OuRyFTTaz3GQTdnP1fkOxesMFDVaMGDABYk=","jS7IQIR3uPgUP0rJEwJHMMRcGDPAYraYbramvxIcZlc="],"block_size":4096,"path":"popup_compiled.js"},{"block_hashes":["TqhFECsgXoMeE+c65qRqtpujJjAuhHXs4FzANTRPLVY=","MIG+O39PJl7s+tMzHRpIawnyprL4DDK2DXdBcLxkddQ=","I9C/umcbRoXXD/68R6eGkibCtt958AhsEuPYJufUXPo=","cd2uBwgbtrF4cwWSA9oRTl++JXtpSKCdqgJSuq7YhFI=","gdZgba6TBZy/Hqu3Hlwauzqp8wIl5bihbVO734+q+ug=","ibi6P7BrGEEYQ4uVsmp/cotbIlD1SjmUpglIoCltAxc="],"block_size":4096,"path":"popup_css_compiled.css"}],"version":2}