{"file_hashes":[{"block_hashes":["Ve9sAiqWT36CI0SwHF8o5bGdgiBN0yMsAZiKQsAcDmM="],"block_size":4096,"path":"background.js"},{"block_hashes":["cYtWZ/mEQ8n3ULcBRJCS6aZ6XoTVcx8HWuYGIekMXrA="],"block_size":4096,"path":"icons/icon16.png"},{"block_hashes":["Ccl9nJJU5a3wDvmjHNMLc0yVNLqS3U0Xroyy2enX5SM="],"block_size":4096,"path":"icons/icon19.png"},{"block_hashes":["w+Lcw4ptQLfzGmsrceesUTgIHgLfYx0DxieIPDobZPM=","RspRy0rXCyxs2RYuOszwIuUqYn5W69qBNcZaKoXusMA="],"block_size":4096,"path":"icons/icon48.png"},{"block_hashes":["4XvHa982MmH2u6WMAOQSSdap3fladdoer1pAkradm9o=","/GITSmdKx3ebUt6XnyeaW6mQcv0abDjlNwwwuEOzoD4="],"block_size":4096,"path":"icons/icon64.png"},{"block_hashes":["M8qf5l6lvOJGaDHTl0IR00+coWgdZZYjiF2MuuHgj04=","Wv5QoKKC5sCfZK3Pdhu8gfUv83x0ghIWZdX1y2c2gmI=","cawUfgcYNQNsFb6Wpey2IwoOBRR6/4mkk1+/RgAR6Gw=","hyPhmUgyLJ5yuCC9AB4JH52o6F9rDdj0W2qDCCGxlXs=","d+Rx3CMtdbf49c89VaLA0dueIeDjuDwO/Mlhcd1E8SI=","xjuD+zqTuBKOaohD33w+b9fZXb1McWdBVX8UYvDS2x0=","F8vz64nK8ljWaHIyisNHGA2qiF9Bq52gh2D0uz4R3Jg=","Ialphx1v89i/YV2z3F8ObXbb/SxGzLKfLc3yZWfBYYQ=","UqeWB8xyVgtPoup/JpZKP2udJcRX6LD3QMo4myucpVk=","GBDIel9BaW7ujQpCbrdYl0urlAo8hEFdaiIXFk8A/Ko=","/qqyZefBxbNsPQJ3BwEmLCQeadncaDfBPIgTFi2Nys8=","v2zYipOARepAU+yoMx3gjWQFQc2zSGzlqh67Nfixybc=","f+xmi3HEfw/E7KXG3ewKgDQiMVlVtrDZYCCReBTXWDs=","jGORGALnEwiuaOfthQfloZxFVfTSYCNrTS1Z2Cg+bTc="],"block_size":4096,"path":"jquery-ui.js"},{"block_hashes":["oNQAY2kcFworwZY3Z1GCWDnlVrc9wkyj84oi178Dc1o=","Z1VaOauTRfR/32iBilEWlr8FYn1vVIBrECMlV7Qr9LA=","XIwf38XHiDqWC3g9LtqDuEFx3OVUrFYioCfC8wfjGB4=","3ySdSoMeXBwvzV8NExgMO4Gx7GvOUv2aD7V58lMRZwE=","YaWC8IzuYEKmd7S2XCOToPdl5pNZvxtb9nXwgJgNz+o=","0yts0aZogZgk1ui6/HbUEqxdejzvklkoErZq+7Snd8U=","jiKdXQbtWk4jFueLCaxT9co4F/xgec9AFAqoe1YCT0U=","fFOc3fsA5D7GQq9jivuumsXPsZ4JKPuFeNvLqh5kgQA=","FLNBGyk4OtNzuxJjpWCWPkrq8vCBXE+nMZ+CcJtoyiM=","1s/R2qqwwZf6DUgbZ8FQrBFNgArzYtkhH1O8oR5Jt9E=","79EQCOVOMjbaz9IBNZG+7WG7EFke+wgYFQlpFhQEq6Y=","KHbYjgmBqcJBU1jZ2+3d0FOGcAY93u9sSaaBYjlZXWM=","/zyB+eNCptdoNi1K+RWX1kZVMjXIfrsSIEyUEEO1HZ4=","qZd4+r4oVEkM8/cnYB4WYSZ1KfHtf+jAJASJ6K0lfms=","ByJF0x1uqbyeXa69AK84M/5m9iBGXlE4Nv+i0VQX9fE=","OUscT2paoNcjNvWPWtURwR9H4qmmJjulE8i9lc+LCDM=","K5OpTEhHbtLwVcSGY1Q6P+2q75kvd4nAU6VnXkNRz4k=","UGHOUEE5lwUecQV1mqDnLRrzjxAt0ZJIwPK32q++ACU=","UlS0AH+xrgtNbo2d5l4Hs7gY2rF7eb1cOSaRtz10Sxc=","luIr3f5SwwBReQLpmpVIfqs2k4ZAm7Jco42WL0YdDWI=","IixOSTAqqhGPCrjJHgWQp78/YBPdbLwb0Jz5BmDzZRQ=","pYeBs19cQPZtxQCHDfg6Q5dUdCzKF2h5Lz0+XbgZWdE=","qyMauaRakWbf+fUwVfsZL/KVqvTWMiqvmPLOL70cV7w=","FdafdjXznnn5OZPEVyXcZejNuzUVN7Ffu8yklDq5U34=","6ald3zbIh/5rIDdFS8DzXw/n1KkAX4jBGnwIvJuNIzE=","66h24J0673OT6d2wmopby18FLp4Pgy8xkKnc8dX2FHA=","eBntcC2unR/yxplMR3rqqU7u7KA5IdcCdqkbrzRN2A0=","sq+rTDVVyfCTaApOvbAtSbGAJlyO1JqAO7utwB6CFHA=","t0kYuHQnU68SZiwb8ZX8m0V5vK+9Hz8RKTmb3Kd6cRo=","lw0hu91X4LwQArDGuh7G2zhfUT4qBdXu2JiZijpIczc=","mkXTMeJQyKxRDCigBCE2AImUE6JJEAQxjAAypapUs1o=","cZpse2a0/MCM1A2IjwTXKzQp+VXJnYxWd2MaHEnYF6Y=","4vQC3oVgFpj6FhUCiu9tx3goOu5wCF4xAn5bUrKhu+I=","1Pmf1I/N2ia2UaHx6YNhXB2XoxxHXJ3d/rqB1qRYziY=","aQssJ8BjNReuEHB1+NVUWLr4SHnmp26PCozULVAxThM=","z+4D17hBFZjFgQmdDDhImDUGM7KMt9xN3vVIiRpTask=","JNET8IEDss6wSS8k4xMTgqSBQl9OgmiQ/xGf1AruTog=","omZTP1OFkzUHD4Xy2iw0bS72feWb8mj69iKaA0WbKoA=","lzU8AOwhdj1GZaIoPdV/ZY+ww70F2Rlgcm3T5SLxk1w=","KTZIiwThH64tj0J9EsjNforXKxQcaT+JGXemZ/KF5m4=","udWHlErWtdM5UI76dD0XtGTK4SJzZS5UMK4mdj9KhyU=","6YljxXxjaLRrO7mANendhrtypMvaSq8sN14Eoux76ZY=","YKNze7xFgsoS3fMsGnv0sbnCvSGRKxfKADFodYqz5OM=","jrg6qD6dj00BYKSJapuwYgRMUYS/GSnvLhQj5s1KjbQ=","t/AvQcl+6gscq2tVEIdOv/T2mx0cO60GOsNu4YxRv6o=","Xlg2VKJWNL69y1ZuZOWj9DPE0u8h6OYi+azvcvWqzTk=","HpyCFhk4e36RQv1+V227+udvutOba9fH63Mqaxhv+uA=","Y6quhN/sqJBpWjfPmPnB1d0f+8k/nt/a4b0EvgZtdNg=","hy4a2dl+6eOJdRn9UmWLtf8o21guq2SET3HY0Lw1wOk=","PtJVj33JJXlzNjdmDrk0voHTi5Wx/FOVA6kjXqzfyAw=","rx2UifsrofAw0DuGcYalDcMDcbrE9cmFSO9md4ZiDBc=","nN0rsfcEVYamct4KZELk4Rajphs2DHjar6sijwcwp2k=","imyvr8BKY0+BpoZCrQOb4bDBu3F4HWOwUYhl+iAc6oY=","SbrQQJGWA3NKbW9QMVdL114aI1ZJpt3/DRdb0W2Z7iE=","1+Ykw0NfC2U3lz7A5gocNFNjV8+GIjG98HX85nGMxUw=","DRwV57w8YZ9HIThx3wGCzJnGKuluo4nrSnad1q3fZHE=","Nxb65cRISDNThtxrrYF6TLrhv8PBOM4OfE9iDoCnmQg=","tUiRnQoviBgAHh6V+hZXe3U0h2duzKhQ9HaenTlsplo=","uHlF7qQIcd1Hq+tXRqRVnA5/k9ZGmmR2W3JJxOUvxdM=","KWTEgUzaA0yRNcB3998eDO/D3diMcSwgqARMiCkyMLI=","auulpt4vgiQgg1llI2RhCpo8bI9LZB0Pn5SmF7giLU0="],"block_size":4096,"path":"jquery.js"},{"block_hashes":["XEdMgzF1jIA7uJF0jQqzHM5blz56e1UkvJtbobO2XfE=","L0FjQmNRh2c4WeYbNBzzjg0T8oW36WENoZcXvFVCNlo=","l2HGbK71D8zyeDnfwnaQvdfrzI4rSiBm1vAxxXWNYlA=","mN2/5Z7dJfejXIZpDvOil85RvDhfnQ0HT9d3pqfLf5c=","6HaPMdbOv4Hjw4di9fCbJAjbpIGt23WZ7R5n/8+ACiQ=","enHxgBt0mD0rkJl4G7GCkqU+iuxQEZisoNdvzfizIbo=","GWsueOrCJogG0E/sdVGUkktRVvzpgJK678WAdMc3dVA=","O8iE2PiaPotsMXDeHZi1F5YgP9N4ZrSkWjwP1BKlioo=","8W7+REdXgITdmuclWCQAh2+xMmtuLUbVe6Pk2eVaJ1Y=","1IoM5Mz9/sPENqWy1zbqi2iLixRzuXCgaNmmVGRFBHM=","iSExVuMQ9+V8tZbF4vMJdX+B37+18Ntc3zSOdQ1gWQ8=","p95B2whICglQTfBEXHuqj1Iblv+0VCiC57HsBQtwmZ8=","04x8IQWh6yIbuGfghlXGsIywdMPS3nKDKGs4W9aWe8c=","kMU6HirRQfMlKgXEupH1zQteOfQs2QJXRPIT+bgm6Vs=","dfsQ1U/4QN0zKQeFVqQ6++3MSF5jrdfrUUNNQNv8mAA=","m929wejwXZWeG+B3AY50Imd+OIWZKfnjCQegPsaGXdA=","dNamUfrG7Hi9K4+Yl4nL10t+P/fDL8O+gJ1rWDbXgpg=","xGGIiGIoGBHjigwfGug4X1Watf0XrHxhXIwoWUx/lKg=","abmt4KzUohxsOUH9GqucL7gYxpOKu5GWPjeb59dDRRs=","Hn3qK1MPhWRO+XJ4Wt+awUZMZZEMdxeEI9fdlJ5g7Fg=","ageU59GMZHflP62+GKytLORlgjOQIhP+W+l8hKputdg=","kwJrmdT7OuGD7oSiIQENCqiCQw9h593ou1OdZPZTA2U=","r7hJGjx3djB28BAKdcEYo+dQxzahCGKCOw+xa9OeYfY=","1v/feSuXvzRuzsiZsWIEXow1RiibjhJSyHT8wMEZBLs=","dPx9jB3s0nWvxxWlnG1GDTEBGFgLI+WSM/AjaPVNiLw=","RzCMUIUTIq8HcaREQ7xvJqe3IFq3MiToNAx29pCPHtY="],"block_size":4096,"path":"jstree.css"},{"block_hashes":["5hHf1mx7xd9Km6au2jLhkyFaJWW2/CeRGo6Otmvli68=","Thjlf6+ouBLVLlsOVxk4Ei2vIMpRpW1il1V4XzjL+ZM=","TunveHAZa76uIrt88FV0yLKA5Z/M01+ZZNfI/HQDauw=","vzbp1TTx3oiC3qkvGWcBohppUN40AEQVUceooEQHRe8=","mgQob6O2NBXnfhxWRiSTDsD9+pBs+FrNDayf4OYdweo=","+OfUNr1I6r2Atgzw8Wf7BRgtE0t0kPtusbiZBfr0mac=","3vxts/Z9KhkkX5cjFMCRYIuBPfz0JjT7cZcy0WbgxE8=","JOVeN4V1NVHiBorx+oLGToHJS1Sli688cBLDBXFNfA4=","j6wXgwXNAD8RJ84vDtxnRBiBdDc0CtX2IEHuGV8lRUA=","ePGbFX2WhHFpxlPGwu6z8RUGZcZMkvfyCqxT0S6+wMA=","K23/Jx0WsroLPAOekTYIvRVWfvJlM+x34nyCWKBcBi8=","oI6rJCdNHxbOF9h6oq2+eWBfQdy5iGUm/xSSfvkUT1U=","7XVvJAHSvoV80z9TaK6Xxe/7SIuXUwQJ/hQGn3y0kxI=","241Byl4TVb3sXp8xRaA7qMrOp/AAC1q4iQWxeIal1PE=","XOqM1dM5UsUIayca8sFacXzIn1c3u35hZ0w3k7SJKho=","Qps2E7uZeV1Wgt2iQ0lpkXFe0lzOlaDit56i/YqbZ8M=","gXUr3202fS0KHUq4jLEK5Alqj6nTwkuko6WhYKfj8jw=","bdtyXRz37g0gNsPnMXkkqtRgXb6cmVWraDXE2xOWupc=","BH9QC5rXf0dIr48qtYv6kRWAJkUjhQIBOrOms4e1TOw=","7yLu+N5mazKy/dKSRpVE4CcNdeB4qPT/ZCFGQN0dES0=","Pl//FDUYS5rDUsYt9Xpzt66t5Fgvr7UdeakMMgG9zaI=","9IdNrdZym0gRSsH2kjXrG1wcb168QJ/jQvJpsFU+Pc0=","LcSpKF7JCZpqpUUYf4THbGPx6gJwkyakaSll+KyqCKc=","XpzBXES41c5XxdAD+KxLvU2RSxO2K5o8b3vsEMGEdgU=","mDvty2aWi0GatEWC88iPvze7UBH5UmpJmbZfpobvr3E=","8VgH+F2IIyQ3YnbpD0kKpXd6sltN9+DVP2xEDkU6XG4=","IfdoI6MSiMNAbV5haWOM2CC4bOEDmt1+8pfr1hV+VF8=","VMUE6G6kkptiLKC38WtjzeYtNwQsoPhRI8XObACaF5o=","koAAdNpZ3YDCOl5+LEIy1/f1X634cC+451o0trupIl8=","F9k+8JEKgfYfrNGpBC3HfE9BIh9PBfc4t8qdH3n198k=","n5Ql8HGi6P8rFMrxmSFU9dZp1iGwB5N+10321dfFYPs=","OuvUGWw/RRZ54iHMbioJphgST64sE9H8k8mHE+yPP84=","DTp5st/UnR2KZzMrD7PwSJ8P0v7kMsUVSJkA2lYp9Fc=","ad5NUDbB5QgT63baxd2GQZc0cCg5mECzSrDGL0dPdH0=","bHCUF92/sfJgbvoGWqo6DxIV651GcyF+EvbrdNMxP0s=","CFbjds13ietVeVRVTTEFhRQcnh6TbNCwCFLBvuMXNwM=","0DmILTlktESDw6QNh5UsWWUYUr2z7oSz6Dew+xAb9dE=","s0Hov9OMh+bC4feZAiHhF0Zmssh2ZN2FD0U69157ZKs=","c5dhZ0o3vFrffZ2KDQNrFbrWtlnm6gWM0opE4PRW9EA=","ePDaHhhabLagyFiKf1RnFj/7dnE6yM7b2/QAgKRXAJM=","oHEs5nXh211iSHol22pizi0SgMwUi60LUL4Ilrt4Wfk=","MYWSLDI9rzuCtmXyFLPLbWa/Nlgz51/vVJ2it0m2b5w=","CQE+oqs0x1MYZ27y1TgZ7+v9cRs4+hw07XL5/kzOGlk=","CSByQEdeajhNqo+d2aNDqzInqY4Wrph1HIv2h7EJZKA=","v0Lra6chi2HaRRhl5TDcuzvNf5hSExIhG2+19fvZM1c=","FV8YsjAJEt7DFzBk9+ZOu8zmx+xrJMpS0cqW2VxhXMw=","LZ0COCZM+DiV3Yk6zgPYWJp85V9PT+E3Fp+qfWL/nxM=","UgCC8oGfO2dy6rgu/czCfBwV14PD0ANZKlHVwfcoKS8=","LiTvR64U2+0mYeKxnhdImPtjGdcM11tJ2XxnIAlY2kQ=","SdxWu1sc43stTb1aTlXHXZ/nErfu9cCfAnNeia0VZAA=","B8vsOtCzxbEmRUeKw/ZLDlihEqKEonZbdFpGroMfXFU=","EHDZjfyCbsuGSJcE1vs4LJqLZz/fqpsdi0iEGRY/WtU=","pJFYlTWucepc6m7gNr3UENLnuzvnk0jcuGDwSb3KIcM=","EO/ByO3sr3WOLF6mz3rMYmqcFAPObc6GSEHL32iDPrU=","DRJwxHAor+/gMTY9ebHfhOfUDLVTgG3BrzKuDdl3qjo=","jKDAhpoxM4epdJFZwp6Qy9r9Z82U9+Z4AdBTsLGomKM=","/am5uCu7KqgCp361i20TlbEDfpAcsvDRoiXz4LtDpp0=","GYgM5mzrJgwD+NBnAQOdMyo+MPR4EbcZSvEiFRFScqs=","VjPdHVWb38iwNd+0zGdKnuN7Hz+Vs58wu6DA+06Qqz4=","2jZPqIaIMvEk/mABPzs0Gvg24Wn4VxUxsda9OV1CqL4=","uQROZdJO+irlRxLSqDVrZAK6LKvrXuMtXtKmf4OjixQ=","n/eQMil6edZWtMCaP+mjiWPdxCJ8txPd+3uYp3nzUcE=","baYLnMrlSGBA7h3jXJRuNFIRzF4Ayhc0DVObx//CRjc=","JnsY19nBNErmD2WFsuZ7qmjDFquu5uA4963cxtaBIqk=","lFgnCjXGBjhynrVRVD+luzXqC2wxG6YZTiIKRqmZ7+U=","Tat/PJjXCDJ0fmpIHJkaNl9xoGuWidBGjur2Z9M8jEg=","70aLfynRGRYqOpi4mB65vg9CMCfJaU0ipS7CdTINk6k=","EETwvhUStcjCnsaEyAXbLfT6qe2arr6B4oTqvWIbLAA="],"block_size":4096,"path":"jstree.js"},{"block_hashes":["YHb6ePWzDm39QNYclX3M6lqvQOeBZTign6xOLTDRZoc=","eK+0eyfZ8kgATTPyZyHrsdlpYSaT/i20cN5sjDse/8M=","p/oTx6LnLZMam9IbojmhLOI+Aar/M4IcVtD4S0Xsv3s="],"block_size":4096,"path":"keymaster.js"},{"block_hashes":["62Hz31pbEPH7lF7xbAAYMAEdO/DHEHosPatdPScLRZA=","NNAqhXwQDOriz/qHxwlxqgp5T2nP6M4UG9ngZQkhmlw=","54ofw+uiA3IXVOiCvG/tQi0oC10rsDvCu2sJDRtAj7k=","4KqevCik1EScc8ABiDK3BGl8RCRYEUJk7K1FBtMti58=","VHTn3i6tHOLeSD39ePQ64ipWOl9hA9A2hrV5cOV/4K4="],"block_size":4096,"path":"octotree.css"},{"block_hashes":["PTZp7hfOF2dTy/b9LllDjDB0R2q/y9sqFNnpVIhGMNE=","r8KE5TGo+b7Vg2YQdVHlj34Tsee5y/u1qf7NmpUOXFA=","7Jq4KsGCGROqfVJCbf/GZpvseeUd2GdKY0DdkduGpKs=","4+SMuMZvHKFm3F5ajPmuGXbspswxqBXIxjAsZhrPCpE=","lKFDZoOTfwBnPnRSONu80/LoZTQRoXZNH3OPJfZHZOY=","X+Ao+RE1kO+UV/mXT7rMTmicJiyteQyb7b84+lYBzig=","U+ZNhfdgFiVfq/s1rwRr6dAVqnBPiKyZmJnJBBOVe0I=","141oxksvDLsp8Pw6iv9EYxWOoyvprT2QYZzkMqMqW3g=","dsnHI5Dj6EYO5Q+Da31EHqFbu9ZJkKj37CguT+5G+YQ=","ieCf9e5jC8Qul/zfMv6Qe9wXSRnadvFB6pwIlobk73E=","kzorF2/R19szEweQ2dG1B223amUUuX6txYdW5W1lHWk=","sCGOLajLDSI0SYke9tSJfGQwoR5CKJOu3wfED/jnRjY=","kQFrhCgEKvMdZX/t++Zww5+g/I74KZCwgZAAfRh7ww8=","6XUtq5+q2M+oDbVeJ2gl0OhTCtUUKPEbkWKGl5P71mw=","+zZ50zUEbVdmx6eg6gjpNTwbm0llftUe962yahi1ZfI="],"block_size":4096,"path":"octotree.js"},{"block_hashes":["HUyQbkPRFLeHNJHA2XBYsFL6ePDsnrYgFLNexh55mco=","+vl+RVUSptNWBUV3ZCHROUlPDJmAQFbJZO768PepTH8=","wAgFVA1KlLtHwR0lKNrkNGdTCk7YRXR4fHgSt9yG9Do=","rfHoKMxLrSZNhcO5Q3iRwDK1E4jh01+hlN64JWTBZb8=","ktopmDFVwkjJMqCw1QkHMcv2vznPGpVguMNG58FDRyI=","xPRHmLeixr2sN/mI6Lw18BUFQbdexY54WRgZlZFiL8U=","fKxHYG5Tus/42WO+g30BcwKx19UBVESWksv6qUwSIvY=","cDn2QseiPGbYQsVrjOrFyUNrPkXTVFdbVHzEUPc5zxo=","KBSJSEYg210dzlrRwGZXdhj9R44hZNW3MvNEYm/+n4A=","9cZztw1xO5jhjvTudHS7jmAg7UljhZ+OU+3vNopKgC4="],"block_size":4096,"path":"ondemand.js"}],"version":2}