{"file_hashes":[{"block_hashes":["kQqdAAeYxS4BiG0q/hc1ERC7Y0VtD8NHP5Go38/a3mY=","ENkdJv0VPozKJa3F48cI2QhhS2OdTlLaH8qLBDJGz+M="],"block_size":4096,"path":"css/bootstrap-responsive.css"},{"block_hashes":["3OAMWnhx4nthVtaDAmQfnWNLLTscIAE9sIro/W4vTAE=","p+/Mw4ltTvabow8YMN63iT0OBWxHAmXuUCZ+AVkjEcA=","dbB4VEt88Py4h9DB8wS4uyqQSgnZfoJyAuTN/JuzpFo=","SuDqZZ9JTnfcZKSYAFgISPL8IpgUjGpMBz4YTmIiDdg=","KqzgPyw5Kc4YSTtj+xM/4FfLFenOeZ4OWkezl2O+PEY=","+aYDmvyCD7OmtPUZnb7RuLU4PtSy/ZhHkpEUylXRTt4=","RZX5Qmtkau/nVmQw/6fmvCqL6GCTzgowq7W74HhHBEU=","Pf8wChXg9R0LqethV5gFrd5Jnj3ZtbWzFIKkUDgf9to=","ajpk9cPSo6c3Vf5VhDflymSTd07dG/Z+SIlHMdZZ8JI=","T8jjiNG8j5GhRhdilE9astZ31AVb9DUWTqwoAglRo78=","czbygGgmFi8R6N/+opKSfBPvBXAm5w15HERscFCRw0w=","Kd4mcm9DDYgChBLsuLlCebxwM5Z9LObzx8TSRq8jDlQ=","bjE7mrHzX+gQuHt+YDOTdkZ5zKOCfYRuL9kPSMYQ7OA=","0EBxDZWKcqGW/WbOV9+yr2DROok1sXoFzXDNY2AUgXk=","3wAVjUaoFHpThf8NbSLlsWxZDkfxFWscGnL9js+3i0o=","E5KJ/CyoSgGkq8G/wdXRAiF3xrdNIyTxdQV/sTkmwqU=","z1jvQKlh2P5MaZ7qWDvyU+Z2w10eAeaVEcg6wgnSv1E=","1YTqJ9MrVE9BdVI5G+/5y+Igquky2buqVB/Ac2rU7dY=","FIv94uXYSs31ST/vADe6x/4qaWT/dcSgjSVJqG4iSPI=","nWv2xLAX42z6lwMAYmJtlHoFbyL2EU+zvbO0PTaWa04="],"block_size":4096,"path":"css/bootstrap.css"},{"block_hashes":["6mqqwcjuQRttCUTPaM9N7JVG9rZs/5n55hZchCEmOCU="],"block_size":4096,"path":"css/options.css"},{"block_hashes":["jhJvA9YAXxVGaRqKc0uMOcTEf5sNU51TU1cbHKPmo9o=","jpghuchl7T3IxoUYi70XUhxN85ISRkWxVHVLF0QzGXk="],"block_size":4096,"path":"css/popup.css"},{"block_hashes":["D998LUlD/dafJp0PVaEWg292nc1WYm0VrNRPYj7oBFQ="],"block_size":4096,"path":"html/options.html"},{"block_hashes":["Y7OOO6V2aigYZ+2qhCzeyeVT1L28LtgzTA0kX1bqlZM=","Ae+Nr9vqVjTQiApAmliwi+fH3vi7vPHYrmh3aZn7dcA=","iMnlxEgsuQ6N3NQhigMwGUQDLso3//KOJRqRWQyAC9o=","eI7dr2R7BaHG+s4eeGPXYoMbU2i8z5NkD9pDF9ymggQ=","J45GNpzpT4BR2pJrMBxuRfaC4olA0IUnUe4xTfs/lHs="],"block_size":4096,"path":"html/popup.html"},{"block_hashes":["QrbTNzR1Fz/dfqeZbtPkD3FJlivlVPo8AJnLByKfYy4="],"block_size":4096,"path":"html/popup_tempo.html"},{"block_hashes":["4Oa38kmAJAQjomSoFn70ijBnTZNHG5fvTyQ+P3cq3yw=","kTOJiVo8XW+EJ92c+GcIN8PCcJUuPM5tmOc3NtKCe/g=","JVNGe3/qdO1OFQOMUsMIz4N94FLDVKfuG+pk1+GCPNw=","1GJvJy5+Pf1aO6sUYT3a3JXHP+4KmgI+glGgwEdF+qc=","J44hNAszuouP61cEUb60Hl6sWm22BRmrWL52Ekx/SVc=","cP8lFBPKiQ7O1Rwjqo71jyVEXWukfGcPFRDb2/80flw=","qQdu3q8Pzq6m6RIrwwZRb42bLxbVMkGc97eluqmo2Mc=","q16i/RKier0ryNPl27CQzzlVg/x4Ai+RsYhx3usi81k="],"block_size":4096,"path":"img/bg.png"},{"block_hashes":["AKN6GDvy7zkBNIaHk5z5nmgUlAwmcnm1NsMipATv1jo=","oWqIEPGnr1LiydzXetlP+W++LpZhhbTbDoMJXOM2nL0="],"block_size":4096,"path":"img/glyphicons-halflings-white.png"},{"block_hashes":["LlMHCNfIvSz1i79Bl85R6Jdj1AoPn2MNCt4rU5SBIRs=","oWqIEPGnr1LiydzXetlP+W++LpZhhbTbDoMJXOM2nL0="],"block_size":4096,"path":"img/glyphicons-halflings.png"},{"block_hashes":["ywCOEpl+m0FLi7enn1p21NrZG/xM207v5iMLd2wx+74=","ge6L8dsUJNrakI2Il53XTYDnoCNz36g5B0RA2hor9hw="],"block_size":4096,"path":"js/background.js"},{"block_hashes":["kXc4a2IrBOgloRl9ZpI5yW6K2lOilwVep6BnRVBsWEs="],"block_size":4096,"path":"js/bootstrap-button.js"},{"block_hashes":["lcJ+dcMyolG319rcTbXH121OxOwQIcfvq3TEfym49d4=","1MkCS+f6O4fMxyCwrUjz3WQpycqg878oVrKwyCJ6QqE="],"block_size":4096,"path":"js/bootstrap-modal.js"},{"block_hashes":["0qS3kh72xnDLZeQu09It2PB09cuKhYVzmTAqdy7UAyA="],"block_size":4096,"path":"js/bootstrap-popover.js"},{"block_hashes":["XDUft9E0qDCiv2ev0SiaK0H6Nj3jCrsr3eCr8YDUsn4=","N4hCsaGI5qzLlfBIMoFj/A/b4QsdLDLd6wu2RAcK6c0="],"block_size":4096,"path":"js/bootstrap-tooltip.js"},{"block_hashes":["4LwZsIf3bVnb2gZVgdfkkGVrRvXJ5C+uFRRL6MsxA7U=","AcqH/g2TSvqATFounTua4t7aLcf0aFxihxrOmfwDOUk="],"block_size":4096,"path":"js/bootstrap-typeahead.js"},{"block_hashes":["Uasbe7v4i2siC5oHnJct/ljLiIQnFWlgBYU99CrTqHw=","tTTjgQIpV2BG5ybwbxY0oISJY2uxxa1+GO4B9H1KOno=","70kggPcQpYetSagNhmN3jVIdEqyVDOXrfUg2QD9EtjY=","l70k9iLHnOEOUY7jyz9oJ5hiTZ6gsyj7rLSQ30X11JQ=","ny8s27xbK8BPRSGdb1dpMWi5WeQtU+GQMCt+tKbmDc4=","ONgczkOWlSJA6q8yMWQCTHlkBfe7Sh16Xh00xeKypmg="],"block_size":4096,"path":"js/bootstrap.js"},{"block_hashes":["NDDVE5fewBGfOpS+cJsqM16x9WfZwIKOpq9HoOHqZUs="],"block_size":4096,"path":"js/content_script.js"},{"block_hashes":["dU0bxKrTuzyuiQAzXItAiskgbMEKdxeXudsz9HcHNVY=","hJGbJMyInHI9dKkqesCM+DiTQyU52cnrdDtRKDYnP5o="],"block_size":4096,"path":"js/easing.js"},{"block_hashes":["FtBtcj/r1+LGD8Wm4AbMe2fVPe7lJu3TDEVaAcVWeck=","/ZhVGcTcWlBKOyiX5bDbi1jqj+t/2596Y2b2/vEveBM=","GAEnID42WB6xEePAJ7Bg+97Pb5ipBdHXgYAoo6dRFBc=","fmLC9gVvXjFaV9wLfFCTB0yobbVQKvPNz8sf8U7ovh0=","LgHdILFxOGcz89emok2EfNXMJ0xz0qtIxJTKi7IfvW0=","d6DEQcNVZnEbIL7dmnXwQiw8huyngJ62BMKoBJf8qnM=","JxK72HJ5gPUqwHQ/VqKAnuj5CrLgn1WyVGhmQjueOAg=","lb8aQdw3+aQvd1iq1aQZFKKTUx8juhx91nWqIM/JQdQ=","KpbUCbu2rVoCDRPUcLVy0KtcrrAcZsEt36yfVboSUAk=","jiAYy2vnxSRfSfXfBCVj84dEuHQIR/wpzhBGvTn4A38=","FOUKAm6LPj9cHlK31PLAf0UeDKhMsV4d4tUiIaT+IaU=","wpKanNiuPiRjrg2rL9kmr85dAfkyRPxXRIJ9FUqaG8w=","z2rJBYeTWQrVKBWB/oIYillX2MmqA7DZcMA5hHKQB8k=","u1cVsdZG5DFtOMLYyB1/u3xVXBLalkf7zcOg0lm6lsg=","x3DmLDkiFFAf/XDlOcP8X80e2hNkFKkTvEmmaubmMaY=","c9m2sF4LIjmaCthlU7LEzFNKd2i/TcxcSxb7YrAgbMY=","IcAS/27niZGKRdHmXd24H4IgSnwgS+xMDNa9Otgdyhg=","04M3wygwkGlF2yjqTpzQPzfbjKKxaUzUulq0IMfDlbg=","X756CaFOd/+CnrEL+JuiX5XZzdeQjQOOp76U4Xz/3WQ=","kpukKNsBy1baPHBWPsxdqIm8zU2vWHxxZrxhalaqgYo=","U7VSUE1szbYMFkEv1js71XfHr2mT+34Jfr1jRW3/tUM=","38KpVqGz+ylQqT2Zn7PqyrXjCZCw2LdaUoWCWh9+l0Q=","7bU+dbJfv6qslrqD+tY8mH6fjRt6AbQ+KhX1u94b2fs="],"block_size":4096,"path":"js/jquery.js"},{"block_hashes":["o2/hlbF5c+oKNhiSVgE238iu892wc80JmzujUwvmrcI=","wjB2CftaLCvDyvH0KFFTvYjCmvtYs0TWE3shHkc9O0Y=","75EV4gQTFG66YmWg20b7rwfgmn4oT7OXbDvhFI8vjGQ=","b3zqjdRH9n/XpnJrg7mRnD5a2+x3bBoR3AhMEznh4RE=","V775UvI2BPDbkU7j+1fUO9mvKWmBJDni1fuhav15Mo4=","vJMm2I3BxCIK+yLJL2Jn1di3tke+exaxDT+PosgECMM="],"block_size":4096,"path":"js/jszip.js"},{"block_hashes":["JthZB923v6A5sL128DFoCcFqJDhIg/lr/5TaMgNCa0E="],"block_size":4096,"path":"js/localize.js"},{"block_hashes":["OAMwNFA7QoJPR7uTPuskn65D6mn/l0Mrl1Gb4J2XYqs=","hg+tdr6XKD8z+5NecMzc7fy/hhlTuz7hFDdCP6bijvs="],"block_size":4096,"path":"js/options.js"},{"block_hashes":["vEseDGoJsce24lgoxqzCZVWXreUUOgfJ+2XYxJQaPQ4=","7/D73kyTgJFgK1X44ZnSLwWkuFuS48qJ1MbisY+PWbY=","gBxjTFYtTn/mG27oFG8Zfi9hNTe8ddwBK1B3VzdH9xk=","Ca2S6NmHuWakvEuNMEZNg8b8fS2kcazIHyLsSNW4k5Q=","UfNTfpEjVsB+oWJmEXvutT/3eAWMpfAXl7jjXEX1mgI=","idfUgOZNt8XFGMvG7yI8KxRQvz0Fz+QmrWZV1XnYmBw=","IyyB7AEmufgj3+XAXSsYcPMZi+82YoY6qbDOEvyKths=","5HLj6F/H3y4CPN/dWHfkbj/EbDuxvymcZ7nFaSeJm3o=","Kv46FDKIKcvO4gIod63dU3DNG03lhhh+ZV7l7ujrhro="],"block_size":4096,"path":"js/popup.js"},{"block_hashes":["6+0bdIF9k5UsDczRczO1AFAABC19OZqmCZQmsPHwt+k="],"block_size":4096,"path":"js/popup_tempo.js"},{"block_hashes":["cn06Vh8vuyZ6WGVqSbBRmrHyo7CqrWUo4hAFvqjICl4=","tMXuuz95ht2N8adHrsyK6xntpoFJ2ULhoZX1/nMyo74=","bErm9vDVIo+Wle1/L/NxIDOIV4qPMsAwVkR1WUulJms=","t9o7UIdbgFXbrW0ICAfNNUVJKwiIwp8Bc6mXni3suHY="],"block_size":4096,"path":"js/require.js"}],"version":2}